Song,Artist,Album,Cover Art,Year Released
Make it out ,Lil Durk,Signed to the Steets 2.5,cmu://879211/42244641/download+(3).jpeg,2017
Keep on Sippin,Lil Durk,Deep Thoughts,cmu://879211/42244783/download+(4).jpeg,2025
Lost Soul,NBA Youngboy,Lost Soul,cmu://879211/42245879/ab67616d0000b27391e3eb16fd5c7c1e6e55ce2c.jpeg,2020
Street Prayer ,Lil Durk,Just Cause Yall Waited 2,cmu://879211/42246021/download+(5).jpeg,2025
Rylo Rod ,Yfg Fasto,Rylo Rod,cmu://879211/42245879/ab67616d0000b27391e3eb16fd5c7c1e6e55ce2c.jpeg,2024
Droppin Jewels,Young Thug ,Punk,cmu://879211/42246021/download+(5).jpeg,2021
Back On,Lil Baby ,Control the Streets 2 Volume,cmu://879211/42246021/download+(5).jpeg,2017
White Teeth ,NBA Youngboy ,"Sincerly, Kentrell",cmu://879211/42246021/download+(5).jpeg,2019
Forever Lasting ,Noodah5,Forever Lasting ,cmu://879211/42246021/download+(5).jpeg,2025
Smurk Outta Here,Lil Durk,7720(Deluxe),cmu://879211/42245879/ab67616d0000b27391e3eb16fd5c7c1e6e55ce2c.jpeg,2021